"timeslice","hour"
"WDA1",2016-05-01
"WDA2",2016-05-01 01:00:00
"WDA3",2016-05-01 02:00:00
"WDA4",2016-05-01 03:00:00
"WDA5",2016-05-01 04:00:00
"WDA6",2016-05-01 05:00:00
"WDA7",2016-05-01 06:00:00
"WDA8",2016-05-01 07:00:00
"WDA9",2016-05-01 08:00:00
"WDA10",2016-05-01 09:00:00
"WDA11",2016-05-01 10:00:00
"WDA12",2016-05-01 11:00:00
"WDA13",2016-05-01 12:00:00
"WDA14",2016-05-01 13:00:00
"WDA15",2016-05-01 14:00:00
"WDA16",2016-05-01 15:00:00
"WDA17",2016-05-01 16:00:00
"WDA18",2016-05-01 17:00:00
"WDA19",2016-05-01 18:00:00
"WDA20",2016-05-01 19:00:00
"WDA21",2016-05-01 20:00:00
"WDA22",2016-05-01 21:00:00
"WDA23",2016-05-01 22:00:00
"WDA24",2016-05-01 23:00:00
"WDA25",2016-05-02
"WDA26",2016-05-02 01:00:00
"WDA27",2016-05-02 02:00:00
"WDA28",2016-05-02 03:00:00
"WDA29",2016-05-02 04:00:00
"WDA30",2016-05-02 05:00:00
"WDA31",2016-05-02 06:00:00
"WDA32",2016-05-02 07:00:00
"WDA33",2016-05-02 08:00:00
"WDA34",2016-05-02 09:00:00
"WDA35",2016-05-02 10:00:00
"WDA36",2016-05-02 11:00:00
"WDA37",2016-05-02 12:00:00
"WDA38",2016-05-02 13:00:00
"WDA39",2016-05-02 14:00:00
"WDA40",2016-05-02 15:00:00
"WDA41",2016-05-02 16:00:00
"WDA42",2016-05-02 17:00:00
"WDA43",2016-05-02 18:00:00
"WDA44",2016-05-02 19:00:00
"WDA45",2016-05-02 20:00:00
"WDA46",2016-05-02 21:00:00
"WDA47",2016-05-02 22:00:00
"WDA48",2016-05-02 23:00:00
"WDA49",2016-05-03
"WDA50",2016-05-03 01:00:00
"WDA51",2016-05-03 02:00:00
"WDA52",2016-05-03 03:00:00
"WDA53",2016-05-03 04:00:00
"WDA54",2016-05-03 05:00:00
"WDA55",2016-05-03 06:00:00
"WDA56",2016-05-03 07:00:00
"WDA57",2016-05-03 08:00:00
"WDA58",2016-05-03 09:00:00
"WDA59",2016-05-03 10:00:00
"WDA60",2016-05-03 11:00:00
"WDA61",2016-05-03 12:00:00
"WDA62",2016-05-03 13:00:00
"WDA63",2016-05-03 14:00:00
"WDA64",2016-05-03 15:00:00
"WDA65",2016-05-03 16:00:00
"WDA66",2016-05-03 17:00:00
"WDA67",2016-05-03 18:00:00
"WDA68",2016-05-03 19:00:00
"WDA69",2016-05-03 20:00:00
"WDA70",2016-05-03 21:00:00
"WDA71",2016-05-03 22:00:00
"WDA72",2016-05-03 23:00:00
"WDA73",2016-05-04
"WDA74",2016-05-04 01:00:00
"WDA75",2016-05-04 02:00:00
"WDA76",2016-05-04 03:00:00
"WDA77",2016-05-04 04:00:00
"WDA78",2016-05-04 05:00:00
"WDA79",2016-05-04 06:00:00
"WDA80",2016-05-04 07:00:00
"WDA81",2016-05-04 08:00:00
"WDA82",2016-05-04 09:00:00
"WDA83",2016-05-04 10:00:00
"WDA84",2016-05-04 11:00:00
"WDA85",2016-05-04 12:00:00
"WDA86",2016-05-04 13:00:00
"WDA87",2016-05-04 14:00:00
"WDA88",2016-05-04 15:00:00
"WDA89",2016-05-04 16:00:00
"WDA90",2016-05-04 17:00:00
"WDA91",2016-05-04 18:00:00
"WDA92",2016-05-04 19:00:00
"WDA93",2016-05-04 20:00:00
"WDA94",2016-05-04 21:00:00
"WDA95",2016-05-04 22:00:00
"WDA96",2016-05-04 23:00:00
"WDA97",2016-05-05
"WDA98",2016-05-05 01:00:00
"WDA99",2016-05-05 02:00:00
"WDA100",2016-05-05 03:00:00
"WDA101",2016-05-05 04:00:00
"WDA102",2016-05-05 05:00:00
"WDA103",2016-05-05 06:00:00
"WDA104",2016-05-05 07:00:00
"WDA105",2016-05-05 08:00:00
"WDA106",2016-05-05 09:00:00
"WDA107",2016-05-05 10:00:00
"WDA108",2016-05-05 11:00:00
"WDA109",2016-05-05 12:00:00
"WDA110",2016-05-05 13:00:00
"WDA111",2016-05-05 14:00:00
"WDA112",2016-05-05 15:00:00
"WDA113",2016-05-05 16:00:00
"WDA114",2016-05-05 17:00:00
"WDA115",2016-05-05 18:00:00
"WDA116",2016-05-05 19:00:00
"WDA117",2016-05-05 20:00:00
"WDA118",2016-05-05 21:00:00
"WDA119",2016-05-05 22:00:00
"WDA120",2016-05-05 23:00:00
"WEA1",2016-05-06
"WEA2",2016-05-06 01:00:00
"WEA3",2016-05-06 02:00:00
"WEA4",2016-05-06 03:00:00
"WEA5",2016-05-06 04:00:00
"WEA6",2016-05-06 05:00:00
"WEA7",2016-05-06 06:00:00
"WEA8",2016-05-06 07:00:00
"WEA9",2016-05-06 08:00:00
"WEA10",2016-05-06 09:00:00
"WEA11",2016-05-06 10:00:00
"WEA12",2016-05-06 11:00:00
"WEA13",2016-05-06 12:00:00
"WEA14",2016-05-06 13:00:00
"WEA15",2016-05-06 14:00:00
"WEA16",2016-05-06 15:00:00
"WEA17",2016-05-06 16:00:00
"WEA18",2016-05-06 17:00:00
"WEA19",2016-05-06 18:00:00
"WEA20",2016-05-06 19:00:00
"WEA21",2016-05-06 20:00:00
"WEA22",2016-05-06 21:00:00
"WEA23",2016-05-06 22:00:00
"WEA24",2016-05-06 23:00:00
"WEA25",2016-05-07
"WEA26",2016-05-07 01:00:00
"WEA27",2016-05-07 02:00:00
"WEA28",2016-05-07 03:00:00
"WEA29",2016-05-07 04:00:00
"WEA30",2016-05-07 05:00:00
"WEA31",2016-05-07 06:00:00
"WEA32",2016-05-07 07:00:00
"WEA33",2016-05-07 08:00:00
"WEA34",2016-05-07 09:00:00
"WEA35",2016-05-07 10:00:00
"WEA36",2016-05-07 11:00:00
"WEA37",2016-05-07 12:00:00
"WEA38",2016-05-07 13:00:00
"WEA39",2016-05-07 14:00:00
"WEA40",2016-05-07 15:00:00
"WEA41",2016-05-07 16:00:00
"WEA42",2016-05-07 17:00:00
"WEA43",2016-05-07 18:00:00
"WEA44",2016-05-07 19:00:00
"WEA45",2016-05-07 20:00:00
"WEA46",2016-05-07 21:00:00
"WEA47",2016-05-07 22:00:00
"WEA48",2016-05-07 23:00:00
"WDB1",2016-05-08
"WDB2",2016-05-08 01:00:00
"WDB3",2016-05-08 02:00:00
"WDB4",2016-05-08 03:00:00
"WDB5",2016-05-08 04:00:00
"WDB6",2016-05-08 05:00:00
"WDB7",2016-05-08 06:00:00
"WDB8",2016-05-08 07:00:00
"WDB9",2016-05-08 08:00:00
"WDB10",2016-05-08 09:00:00
"WDB11",2016-05-08 10:00:00
"WDB12",2016-05-08 11:00:00
"WDB13",2016-05-08 12:00:00
"WDB14",2016-05-08 13:00:00
"WDB15",2016-05-08 14:00:00
"WDB16",2016-05-08 15:00:00
"WDB17",2016-05-08 16:00:00
"WDB18",2016-05-08 17:00:00
"WDB19",2016-05-08 18:00:00
"WDB20",2016-05-08 19:00:00
"WDB21",2016-05-08 20:00:00
"WDB22",2016-05-08 21:00:00
"WDB23",2016-05-08 22:00:00
"WDB24",2016-05-08 23:00:00
"WDB25",2016-05-09
"WDB26",2016-05-09 01:00:00
"WDB27",2016-05-09 02:00:00
"WDB28",2016-05-09 03:00:00
"WDB29",2016-05-09 04:00:00
"WDB30",2016-05-09 05:00:00
"WDB31",2016-05-09 06:00:00
"WDB32",2016-05-09 07:00:00
"WDB33",2016-05-09 08:00:00
"WDB34",2016-05-09 09:00:00
"WDB35",2016-05-09 10:00:00
"WDB36",2016-05-09 11:00:00
"WDB37",2016-05-09 12:00:00
"WDB38",2016-05-09 13:00:00
"WDB39",2016-05-09 14:00:00
"WDB40",2016-05-09 15:00:00
"WDB41",2016-05-09 16:00:00
"WDB42",2016-05-09 17:00:00
"WDB43",2016-05-09 18:00:00
"WDB44",2016-05-09 19:00:00
"WDB45",2016-05-09 20:00:00
"WDB46",2016-05-09 21:00:00
"WDB47",2016-05-09 22:00:00
"WDB48",2016-05-09 23:00:00
"WDB49",2016-05-10
"WDB50",2016-05-10 01:00:00
"WDB51",2016-05-10 02:00:00
"WDB52",2016-05-10 03:00:00
"WDB53",2016-05-10 04:00:00
"WDB54",2016-05-10 05:00:00
"WDB55",2016-05-10 06:00:00
"WDB56",2016-05-10 07:00:00
"WDB57",2016-05-10 08:00:00
"WDB58",2016-05-10 09:00:00
"WDB59",2016-05-10 10:00:00
"WDB60",2016-05-10 11:00:00
"WDB61",2016-05-10 12:00:00
"WDB62",2016-05-10 13:00:00
"WDB63",2016-05-10 14:00:00
"WDB64",2016-05-10 15:00:00
"WDB65",2016-05-10 16:00:00
"WDB66",2016-05-10 17:00:00
"WDB67",2016-05-10 18:00:00
"WDB68",2016-05-10 19:00:00
"WDB69",2016-05-10 20:00:00
"WDB70",2016-05-10 21:00:00
"WDB71",2016-05-10 22:00:00
"WDB72",2016-05-10 23:00:00
"WDB73",2016-05-11
"WDB74",2016-05-11 01:00:00
"WDB75",2016-05-11 02:00:00
"WDB76",2016-05-11 03:00:00
"WDB77",2016-05-11 04:00:00
"WDB78",2016-05-11 05:00:00
"WDB79",2016-05-11 06:00:00
"WDB80",2016-05-11 07:00:00
"WDB81",2016-05-11 08:00:00
"WDB82",2016-05-11 09:00:00
"WDB83",2016-05-11 10:00:00
"WDB84",2016-05-11 11:00:00
"WDB85",2016-05-11 12:00:00
"WDB86",2016-05-11 13:00:00
"WDB87",2016-05-11 14:00:00
"WDB88",2016-05-11 15:00:00
"WDB89",2016-05-11 16:00:00
"WDB90",2016-05-11 17:00:00
"WDB91",2016-05-11 18:00:00
"WDB92",2016-05-11 19:00:00
"WDB93",2016-05-11 20:00:00
"WDB94",2016-05-11 21:00:00
"WDB95",2016-05-11 22:00:00
"WDB96",2016-05-11 23:00:00
"WDB97",2016-05-12
"WDB98",2016-05-12 01:00:00
"WDB99",2016-05-12 02:00:00
"WDB100",2016-05-12 03:00:00
"WDB101",2016-05-12 04:00:00
"WDB102",2016-05-12 05:00:00
"WDB103",2016-05-12 06:00:00
"WDB104",2016-05-12 07:00:00
"WDB105",2016-05-12 08:00:00
"WDB106",2016-05-12 09:00:00
"WDB107",2016-05-12 10:00:00
"WDB108",2016-05-12 11:00:00
"WDB109",2016-05-12 12:00:00
"WDB110",2016-05-12 13:00:00
"WDB111",2016-05-12 14:00:00
"WDB112",2016-05-12 15:00:00
"WDB113",2016-05-12 16:00:00
"WDB114",2016-05-12 17:00:00
"WDB115",2016-05-12 18:00:00
"WDB116",2016-05-12 19:00:00
"WDB117",2016-05-12 20:00:00
"WDB118",2016-05-12 21:00:00
"WDB119",2016-05-12 22:00:00
"WDB120",2016-05-12 23:00:00
"WEB1",2016-05-13
"WEB2",2016-05-13 01:00:00
"WEB3",2016-05-13 02:00:00
"WEB4",2016-05-13 03:00:00
"WEB5",2016-05-13 04:00:00
"WEB6",2016-05-13 05:00:00
"WEB7",2016-05-13 06:00:00
"WEB8",2016-05-13 07:00:00
"WEB9",2016-05-13 08:00:00
"WEB10",2016-05-13 09:00:00
"WEB11",2016-05-13 10:00:00
"WEB12",2016-05-13 11:00:00
"WEB13",2016-05-13 12:00:00
"WEB14",2016-05-13 13:00:00
"WEB15",2016-05-13 14:00:00
"WEB16",2016-05-13 15:00:00
"WEB17",2016-05-13 16:00:00
"WEB18",2016-05-13 17:00:00
"WEB19",2016-05-13 18:00:00
"WEB20",2016-05-13 19:00:00
"WEB21",2016-05-13 20:00:00
"WEB22",2016-05-13 21:00:00
"WEB23",2016-05-13 22:00:00
"WEB24",2016-05-13 23:00:00
"WEB25",2016-05-14
"WEB26",2016-05-14 01:00:00
"WEB27",2016-05-14 02:00:00
"WEB28",2016-05-14 03:00:00
"WEB29",2016-05-14 04:00:00
"WEB30",2016-05-14 05:00:00
"WEB31",2016-05-14 06:00:00
"WEB32",2016-05-14 07:00:00
"WEB33",2016-05-14 08:00:00
"WEB34",2016-05-14 09:00:00
"WEB35",2016-05-14 10:00:00
"WEB36",2016-05-14 11:00:00
"WEB37",2016-05-14 12:00:00
"WEB38",2016-05-14 13:00:00
"WEB39",2016-05-14 14:00:00
"WEB40",2016-05-14 15:00:00
"WEB41",2016-05-14 16:00:00
"WEB42",2016-05-14 17:00:00
"WEB43",2016-05-14 18:00:00
"WEB44",2016-05-14 19:00:00
"WEB45",2016-05-14 20:00:00
"WEB46",2016-05-14 21:00:00
"WEB47",2016-05-14 22:00:00
"WEB48",2016-05-14 23:00:00
"WDC1",2016-05-15
"WDC2",2016-05-15 01:00:00
"WDC3",2016-05-15 02:00:00
"WDC4",2016-05-15 03:00:00
"WDC5",2016-05-15 04:00:00
"WDC6",2016-05-15 05:00:00
"WDC7",2016-05-15 06:00:00
"WDC8",2016-05-15 07:00:00
"WDC9",2016-05-15 08:00:00
"WDC10",2016-05-15 09:00:00
"WDC11",2016-05-15 10:00:00
"WDC12",2016-05-15 11:00:00
"WDC13",2016-05-15 12:00:00
"WDC14",2016-05-15 13:00:00
"WDC15",2016-05-15 14:00:00
"WDC16",2016-05-15 15:00:00
"WDC17",2016-05-15 16:00:00
"WDC18",2016-05-15 17:00:00
"WDC19",2016-05-15 18:00:00
"WDC20",2016-05-15 19:00:00
"WDC21",2016-05-15 20:00:00
"WDC22",2016-05-15 21:00:00
"WDC23",2016-05-15 22:00:00
"WDC24",2016-05-15 23:00:00
"WDC25",2016-05-16
"WDC26",2016-05-16 01:00:00
"WDC27",2016-05-16 02:00:00
"WDC28",2016-05-16 03:00:00
"WDC29",2016-05-16 04:00:00
"WDC30",2016-05-16 05:00:00
"WDC31",2016-05-16 06:00:00
"WDC32",2016-05-16 07:00:00
"WDC33",2016-05-16 08:00:00
"WDC34",2016-05-16 09:00:00
"WDC35",2016-05-16 10:00:00
"WDC36",2016-05-16 11:00:00
"WDC37",2016-05-16 12:00:00
"WDC38",2016-05-16 13:00:00
"WDC39",2016-05-16 14:00:00
"WDC40",2016-05-16 15:00:00
"WDC41",2016-05-16 16:00:00
"WDC42",2016-05-16 17:00:00
"WDC43",2016-05-16 18:00:00
"WDC44",2016-05-16 19:00:00
"WDC45",2016-05-16 20:00:00
"WDC46",2016-05-16 21:00:00
"WDC47",2016-05-16 22:00:00
"WDC48",2016-05-16 23:00:00
"WDC49",2016-05-17
"WDC50",2016-05-17 01:00:00
"WDC51",2016-05-17 02:00:00
"WDC52",2016-05-17 03:00:00
"WDC53",2016-05-17 04:00:00
"WDC54",2016-05-17 05:00:00
"WDC55",2016-05-17 06:00:00
"WDC56",2016-05-17 07:00:00
"WDC57",2016-05-17 08:00:00
"WDC58",2016-05-17 09:00:00
"WDC59",2016-05-17 10:00:00
"WDC60",2016-05-17 11:00:00
"WDC61",2016-05-17 12:00:00
"WDC62",2016-05-17 13:00:00
"WDC63",2016-05-17 14:00:00
"WDC64",2016-05-17 15:00:00
"WDC65",2016-05-17 16:00:00
"WDC66",2016-05-17 17:00:00
"WDC67",2016-05-17 18:00:00
"WDC68",2016-05-17 19:00:00
"WDC69",2016-05-17 20:00:00
"WDC70",2016-05-17 21:00:00
"WDC71",2016-05-17 22:00:00
"WDC72",2016-05-17 23:00:00
"WDC73",2016-05-18
"WDC74",2016-05-18 01:00:00
"WDC75",2016-05-18 02:00:00
"WDC76",2016-05-18 03:00:00
"WDC77",2016-05-18 04:00:00
"WDC78",2016-05-18 05:00:00
"WDC79",2016-05-18 06:00:00
"WDC80",2016-05-18 07:00:00
"WDC81",2016-05-18 08:00:00
"WDC82",2016-05-18 09:00:00
"WDC83",2016-05-18 10:00:00
"WDC84",2016-05-18 11:00:00
"WDC85",2016-05-18 12:00:00
"WDC86",2016-05-18 13:00:00
"WDC87",2016-05-18 14:00:00
"WDC88",2016-05-18 15:00:00
"WDC89",2016-05-18 16:00:00
"WDC90",2016-05-18 17:00:00
"WDC91",2016-05-18 18:00:00
"WDC92",2016-05-18 19:00:00
"WDC93",2016-05-18 20:00:00
"WDC94",2016-05-18 21:00:00
"WDC95",2016-05-18 22:00:00
"WDC96",2016-05-18 23:00:00
"WDC97",2016-05-19
"WDC98",2016-05-19 01:00:00
"WDC99",2016-05-19 02:00:00
"WDC100",2016-05-19 03:00:00
"WDC101",2016-05-19 04:00:00
"WDC102",2016-05-19 05:00:00
"WDC103",2016-05-19 06:00:00
"WDC104",2016-05-19 07:00:00
"WDC105",2016-05-19 08:00:00
"WDC106",2016-05-19 09:00:00
"WDC107",2016-05-19 10:00:00
"WDC108",2016-05-19 11:00:00
"WDC109",2016-05-19 12:00:00
"WDC110",2016-05-19 13:00:00
"WDC111",2016-05-19 14:00:00
"WDC112",2016-05-19 15:00:00
"WDC113",2016-05-19 16:00:00
"WDC114",2016-05-19 17:00:00
"WDC115",2016-05-19 18:00:00
"WDC116",2016-05-19 19:00:00
"WDC117",2016-05-19 20:00:00
"WDC118",2016-05-19 21:00:00
"WDC119",2016-05-19 22:00:00
"WDC120",2016-05-19 23:00:00
"WEC1",2016-05-20
"WEC2",2016-05-20 01:00:00
"WEC3",2016-05-20 02:00:00
"WEC4",2016-05-20 03:00:00
"WEC5",2016-05-20 04:00:00
"WEC6",2016-05-20 05:00:00
"WEC7",2016-05-20 06:00:00
"WEC8",2016-05-20 07:00:00
"WEC9",2016-05-20 08:00:00
"WEC10",2016-05-20 09:00:00
"WEC11",2016-05-20 10:00:00
"WEC12",2016-05-20 11:00:00
"WEC13",2016-05-20 12:00:00
"WEC14",2016-05-20 13:00:00
"WEC15",2016-05-20 14:00:00
"WEC16",2016-05-20 15:00:00
"WEC17",2016-05-20 16:00:00
"WEC18",2016-05-20 17:00:00
"WEC19",2016-05-20 18:00:00
"WEC20",2016-05-20 19:00:00
"WEC21",2016-05-20 20:00:00
"WEC22",2016-05-20 21:00:00
"WEC23",2016-05-20 22:00:00
"WEC24",2016-05-20 23:00:00
"WEC25",2016-05-21
"WEC26",2016-05-21 01:00:00
"WEC27",2016-05-21 02:00:00
"WEC28",2016-05-21 03:00:00
"WEC29",2016-05-21 04:00:00
"WEC30",2016-05-21 05:00:00
"WEC31",2016-05-21 06:00:00
"WEC32",2016-05-21 07:00:00
"WEC33",2016-05-21 08:00:00
"WEC34",2016-05-21 09:00:00
"WEC35",2016-05-21 10:00:00
"WEC36",2016-05-21 11:00:00
"WEC37",2016-05-21 12:00:00
"WEC38",2016-05-21 13:00:00
"WEC39",2016-05-21 14:00:00
"WEC40",2016-05-21 15:00:00
"WEC41",2016-05-21 16:00:00
"WEC42",2016-05-21 17:00:00
"WEC43",2016-05-21 18:00:00
"WEC44",2016-05-21 19:00:00
"WEC45",2016-05-21 20:00:00
"WEC46",2016-05-21 21:00:00
"WEC47",2016-05-21 22:00:00
"WEC48",2016-05-21 23:00:00
"WDD1",2016-05-22
"WDD2",2016-05-22 01:00:00
"WDD3",2016-05-22 02:00:00
"WDD4",2016-05-22 03:00:00
"WDD5",2016-05-22 04:00:00
"WDD6",2016-05-22 05:00:00
"WDD7",2016-05-22 06:00:00
"WDD8",2016-05-22 07:00:00
"WDD9",2016-05-22 08:00:00
"WDD10",2016-05-22 09:00:00
"WDD11",2016-05-22 10:00:00
"WDD12",2016-05-22 11:00:00
"WDD13",2016-05-22 12:00:00
"WDD14",2016-05-22 13:00:00
"WDD15",2016-05-22 14:00:00
"WDD16",2016-05-22 15:00:00
"WDD17",2016-05-22 16:00:00
"WDD18",2016-05-22 17:00:00
"WDD19",2016-05-22 18:00:00
"WDD20",2016-05-22 19:00:00
"WDD21",2016-05-22 20:00:00
"WDD22",2016-05-22 21:00:00
"WDD23",2016-05-22 22:00:00
"WDD24",2016-05-22 23:00:00
"WDD25",2016-05-23
"WDD26",2016-05-23 01:00:00
"WDD27",2016-05-23 02:00:00
"WDD28",2016-05-23 03:00:00
"WDD29",2016-05-23 04:00:00
"WDD30",2016-05-23 05:00:00
"WDD31",2016-05-23 06:00:00
"WDD32",2016-05-23 07:00:00
"WDD33",2016-05-23 08:00:00
"WDD34",2016-05-23 09:00:00
"WDD35",2016-05-23 10:00:00
"WDD36",2016-05-23 11:00:00
"WDD37",2016-05-23 12:00:00
"WDD38",2016-05-23 13:00:00
"WDD39",2016-05-23 14:00:00
"WDD40",2016-05-23 15:00:00
"WDD41",2016-05-23 16:00:00
"WDD42",2016-05-23 17:00:00
"WDD43",2016-05-23 18:00:00
"WDD44",2016-05-23 19:00:00
"WDD45",2016-05-23 20:00:00
"WDD46",2016-05-23 21:00:00
"WDD47",2016-05-23 22:00:00
"WDD48",2016-05-23 23:00:00
"WDD49",2016-05-24
"WDD50",2016-05-24 01:00:00
"WDD51",2016-05-24 02:00:00
"WDD52",2016-05-24 03:00:00
"WDD53",2016-05-24 04:00:00
"WDD54",2016-05-24 05:00:00
"WDD55",2016-05-24 06:00:00
"WDD56",2016-05-24 07:00:00
"WDD57",2016-05-24 08:00:00
"WDD58",2016-05-24 09:00:00
"WDD59",2016-05-24 10:00:00
"WDD60",2016-05-24 11:00:00
"WDD61",2016-05-24 12:00:00
"WDD62",2016-05-24 13:00:00
"WDD63",2016-05-24 14:00:00
"WDD64",2016-05-24 15:00:00
"WDD65",2016-05-24 16:00:00
"WDD66",2016-05-24 17:00:00
"WDD67",2016-05-24 18:00:00
"WDD68",2016-05-24 19:00:00
"WDD69",2016-05-24 20:00:00
"WDD70",2016-05-24 21:00:00
"WDD71",2016-05-24 22:00:00
"WDD72",2016-05-24 23:00:00
"WDD73",2016-05-25
"WDD74",2016-05-25 01:00:00
"WDD75",2016-05-25 02:00:00
"WDD76",2016-05-25 03:00:00
"WDD77",2016-05-25 04:00:00
"WDD78",2016-05-25 05:00:00
"WDD79",2016-05-25 06:00:00
"WDD80",2016-05-25 07:00:00
"WDD81",2016-05-25 08:00:00
"WDD82",2016-05-25 09:00:00
"WDD83",2016-05-25 10:00:00
"WDD84",2016-05-25 11:00:00
"WDD85",2016-05-25 12:00:00
"WDD86",2016-05-25 13:00:00
"WDD87",2016-05-25 14:00:00
"WDD88",2016-05-25 15:00:00
"WDD89",2016-05-25 16:00:00
"WDD90",2016-05-25 17:00:00
"WDD91",2016-05-25 18:00:00
"WDD92",2016-05-25 19:00:00
"WDD93",2016-05-25 20:00:00
"WDD94",2016-05-25 21:00:00
"WDD95",2016-05-25 22:00:00
"WDD96",2016-05-25 23:00:00
"WDD97",2016-05-26
"WDD98",2016-05-26 01:00:00
"WDD99",2016-05-26 02:00:00
"WDD100",2016-05-26 03:00:00
"WDD101",2016-05-26 04:00:00
"WDD102",2016-05-26 05:00:00
"WDD103",2016-05-26 06:00:00
"WDD104",2016-05-26 07:00:00
"WDD105",2016-05-26 08:00:00
"WDD106",2016-05-26 09:00:00
"WDD107",2016-05-26 10:00:00
"WDD108",2016-05-26 11:00:00
"WDD109",2016-05-26 12:00:00
"WDD110",2016-05-26 13:00:00
"WDD111",2016-05-26 14:00:00
"WDD112",2016-05-26 15:00:00
"WDD113",2016-05-26 16:00:00
"WDD114",2016-05-26 17:00:00
"WDD115",2016-05-26 18:00:00
"WDD116",2016-05-26 19:00:00
"WDD117",2016-05-26 20:00:00
"WDD118",2016-05-26 21:00:00
"WDD119",2016-05-26 22:00:00
"WDD120",2016-05-26 23:00:00
"WED1",2016-05-27
"WED2",2016-05-27 01:00:00
"WED3",2016-05-27 02:00:00
"WED4",2016-05-27 03:00:00
"WED5",2016-05-27 04:00:00
"WED6",2016-05-27 05:00:00
"WED7",2016-05-27 06:00:00
"WED8",2016-05-27 07:00:00
"WED9",2016-05-27 08:00:00
"WED10",2016-05-27 09:00:00
"WED11",2016-05-27 10:00:00
"WED12",2016-05-27 11:00:00
"WED13",2016-05-27 12:00:00
"WED14",2016-05-27 13:00:00
"WED15",2016-05-27 14:00:00
"WED16",2016-05-27 15:00:00
"WED17",2016-05-27 16:00:00
"WED18",2016-05-27 17:00:00
"WED19",2016-05-27 18:00:00
"WED20",2016-05-27 19:00:00
"WED21",2016-05-27 20:00:00
"WED22",2016-05-27 21:00:00
"WED23",2016-05-27 22:00:00
"WED24",2016-05-27 23:00:00
"WED25",2016-05-28
"WED26",2016-05-28 01:00:00
"WED27",2016-05-28 02:00:00
"WED28",2016-05-28 03:00:00
"WED29",2016-05-28 04:00:00
"WED30",2016-05-28 05:00:00
"WED31",2016-05-28 06:00:00
"WED32",2016-05-28 07:00:00
"WED33",2016-05-28 08:00:00
"WED34",2016-05-28 09:00:00
"WED35",2016-05-28 10:00:00
"WED36",2016-05-28 11:00:00
"WED37",2016-05-28 12:00:00
"WED38",2016-05-28 13:00:00
"WED39",2016-05-28 14:00:00
"WED40",2016-05-28 15:00:00
"WED41",2016-05-28 16:00:00
"WED42",2016-05-28 17:00:00
"WED43",2016-05-28 18:00:00
"WED44",2016-05-28 19:00:00
"WED45",2016-05-28 20:00:00
"WED46",2016-05-28 21:00:00
"WED47",2016-05-28 22:00:00
"WED48",2016-05-28 23:00:00
"WEE1",2016-05-29
"WEE2",2016-05-29 01:00:00
"WEE3",2016-05-29 02:00:00
"WEE4",2016-05-29 03:00:00
"WEE5",2016-05-29 04:00:00
"WEE6",2016-05-29 05:00:00
"WEE7",2016-05-29 06:00:00
"WEE8",2016-05-29 07:00:00
"WEE9",2016-05-29 08:00:00
"WEE10",2016-05-29 09:00:00
"WEE11",2016-05-29 10:00:00
"WEE12",2016-05-29 11:00:00
"WEE13",2016-05-29 12:00:00
"WEE14",2016-05-29 13:00:00
"WEE15",2016-05-29 14:00:00
"WEE16",2016-05-29 15:00:00
"WEE17",2016-05-29 16:00:00
"WEE18",2016-05-29 17:00:00
"WEE19",2016-05-29 18:00:00
"WEE20",2016-05-29 19:00:00
"WEE21",2016-05-29 20:00:00
"WEE22",2016-05-29 21:00:00
"WEE23",2016-05-29 22:00:00
"WEE24",2016-05-29 23:00:00
"WEE25",2016-05-30
"WEE26",2016-05-30 01:00:00
"WEE27",2016-05-30 02:00:00
"WEE28",2016-05-30 03:00:00
"WEE29",2016-05-30 04:00:00
"WEE30",2016-05-30 05:00:00
"WEE31",2016-05-30 06:00:00
"WEE32",2016-05-30 07:00:00
"WEE33",2016-05-30 08:00:00
"WEE34",2016-05-30 09:00:00
"WEE35",2016-05-30 10:00:00
"WEE36",2016-05-30 11:00:00
"WEE37",2016-05-30 12:00:00
"WEE38",2016-05-30 13:00:00
"WEE39",2016-05-30 14:00:00
"WEE40",2016-05-30 15:00:00
"WEE41",2016-05-30 16:00:00
"WEE42",2016-05-30 17:00:00
"WEE43",2016-05-30 18:00:00
"WEE44",2016-05-30 19:00:00
"WEE45",2016-05-30 20:00:00
"WEE46",2016-05-30 21:00:00
"WEE47",2016-05-30 22:00:00
"WEE48",2016-05-30 23:00:00
"WDE1",2016-05-31
"WDE2",2016-05-31 01:00:00
"WDE3",2016-05-31 02:00:00
"WDE4",2016-05-31 03:00:00
"WDE5",2016-05-31 04:00:00
"WDE6",2016-05-31 05:00:00
"WDE7",2016-05-31 06:00:00
"WDE8",2016-05-31 07:00:00
"WDE9",2016-05-31 08:00:00
"WDE10",2016-05-31 09:00:00
"WDE11",2016-05-31 10:00:00
"WDE12",2016-05-31 11:00:00
"WDE13",2016-05-31 12:00:00
"WDE14",2016-05-31 13:00:00
"WDE15",2016-05-31 14:00:00
"WDE16",2016-05-31 15:00:00
"WDE17",2016-05-31 16:00:00
"WDE18",2016-05-31 17:00:00
"WDE19",2016-05-31 18:00:00
"WDE20",2016-05-31 19:00:00
"WDE21",2016-05-31 20:00:00
"WDE22",2016-05-31 21:00:00
"WDE23",2016-05-31 22:00:00
